"","t","x","e","u","y"
"1",1,0.609274732880294,2.12024781097473,0.973535349058579,3.80135954769946
"2",2,0.623379441676661,0.90438079305743,1.82923937466308,4.69937769969306
"3",3,0.860915383556858,1.32639723137413,3.06417463730406,6.64692078797463
"4",4,0.640310605289415,-2.27274710798167,0.638218797457183,3.55915061332543
"5",5,0.0094957563560456,-0.740995034184234,-0.13468717659991,0.893800092468226
"6",6,0.232550506014377,2.95393917958494,2.82598636181503,4.52363787985816
"7",7,0.666083758231252,-2.44780750102751,0.236879542696762,3.23513081739052
"8",8,0.514251141343266,0.516136774792211,0.741172340354135,3.28392576438393
"9",9,0.693591291783378,0.810005610867033,1.51411933420346,4.59489320955359
"10",10,0.544974835589528,1.9516066436189,3.39002001111219,6.02494451788077
"11",11,0.282733583590016,-0.697753473079818,2.52276553747676,4.37096628824681
"12",12,0.923433484276757,0.317250878982525,2.71387813958545,6.48417859241572
"13",13,0.292315840255469,-3.52651013308231,-0.948325900476133,0.928621620290274
"14",14,0.837295628152788,0.67719209419981,-0.223717511252516,3.28816937320585
"15",15,0.286223284667358,-1.33313005911855,-1.54566169480844,0.313008159193637
"16",16,0.266820780001581,-0.477293248655288,-1.9456718587233,-0.14520951871856
"17",17,0.186722789658234,-2.37553056491439,-4.22391883070152,-2.66375046172682
"18",18,0.232225910527632,0.769870643537157,-3.24285224562929,-1.5461745140464
"19",19,0.316612454829738,1.33315903130896,-1.74755060203887,0.202286762450345
"20",20,0.302693370729685,-0.60922777891547,-2.26940085085239,-0.36132073866334
"21",21,0.159046002896503,3.65002212817259,1.49409131986282,2.97122932855233
"22",22,0.0399959180504084,1.34111874113518,2.76050549500485,3.88049324915608
"23",23,0.218799541005865,1.89726514651031,4.51974536676491,6.17614398978251
"24",24,0.810598552459851,4.09880600334182,8.39256410176849,11.824359759148
"25",25,0.525697546778247,-1.30222721847507,6.670708678205,9.24780131853974
"26",26,0.914658166002482,1.61723854569259,7.95441178998733,11.6983862879948
"27",27,0.83134504687041,1.97316122790913,9.52985242839709,13.0238875690083
"28",28,0.045770263299346,-0.0123415921814001,9.04101821479584,10.1783290046939
"29",29,0.456091482425109,0.638104715863823,9.22707201991987,11.5953464671952
"30",30,0.265186671866104,-2.02364380548369,6.74207461344019,8.5376346290385
"31",31,0.304672203026712,0.940335095452778,7.34530597822095,9.25932258730109
"32",32,0.50730687007308,-1.4019406632582,5.57610001605171,8.09802062627095
"33",33,0.181096208281815,1.62736572505298,6.92466074030211,8.46794936514755
"34",34,0.759670635452494,-1.62286156798554,4.95556613530146,8.23457804165894
"35",35,0.201248037628829,0.63879497419892,5.34658280273531,6.9503269156218
"36",36,0.25880981865339,-1.69304530632725,3.38620835627129,5.16263781223146
"37",37,0.992150417529047,-0.491526358257465,2.72537158020026,6.7018228327874
"38",38,0.807352340314537,-3.10571802221092,-0.516615021020673,2.90544199992294
"39",39,0.553333590738475,0.256868065851507,-0.233916204118133,2.42608456809729
"40",40,0.646406094077975,1.97088677880974,1.74866638489751,4.68788466713143
"41",41,0.311824307078496,0.366495046134383,2.02772811178702,3.9632010330225
"42",42,0.621819198131561,-3.53245842686092,-1.60611672066325,1.25934087373143
"43",43,0.329770175740123,-1.24106739323189,-2.76687827786198,-0.777567750641608
"44",44,0.501997472951189,3.31208607399747,0.683551710028594,3.18954412888216
"45",45,0.677094527287409,3.61961077116775,4.26898489569492,7.30026847755714
"46",46,0.484991239150986,-2.35007353602427,1.7054621148859,4.16043583233886
"47",47,0.243928827345371,-0.733406517655282,0.886782491486323,2.61856897352244
"48",48,0.765459787566215,0.707250897854574,1.54969426476658,4.84607362746523
"49",49,0.0737798800691962,0.638312441735795,2.11052199326405,3.33186163347164
"50",50,0.309686601860449,-1.1599139780388,0.845081915562041,2.77414172114339
"51",51,0.71727174334228,-1.90655740389381,-1.10372958410987,2.04808564591697
"52",52,0.504545912146568,-0.358857173891242,-1.40740027879562,1.10623745764408
"53",53,0.152998958947137,2.01961642988861,0.682586165032766,2.14158304187418
"54",54,0.503933488158509,0.0472532298428176,0.695710086623945,3.20751055109947
"55",55,0.493960923049599,-1.2980564391678,-0.637131856875053,1.84475091227374
"56",56,0.751200197031721,-1.00874844409638,-1.61402370812768,1.63957688296748
"57",57,0.174649823922664,3.22878299091673,1.69546046819543,3.21940993996342
"58",58,0.848392410436645,-0.893919622511326,0.71676782227433,4.26194505358427
"59",59,0.86483383201994,1.52635352222663,2.20728295338724,5.80178444944706
"60",60,0.0418572751805186,2.9434373723716,5.04035617808948,6.16592800363104
"61",61,0.317182155326009,0.887329807374831,5.67566817655984,7.62721464253786
"62",62,0.0137499391566962,-0.843443740140378,4.54844102759147,5.58969084506155
"63",63,0.239025726681575,-0.0800032524121473,4.24101572379974,5.95809290384447
"64",64,0.706494617275894,-0.984559936455775,3.04440500115398,6.16388885298166
"65",65,0.308094757143408,2.4554342346255,5.34761898572179,7.27190325715201
"66",66,0.508547565666959,-0.299107130488784,4.78113090594691,7.30677360294779
"67",67,0.0516466193366796,3.09996676796493,7.64204112861449,8.79698098662453
"68",68,0.564569839974865,-1.12322507076263,6.13671400142114,8.83042352134574
"69",69,0.121480187168345,-1.29423450126472,4.53564380008536,5.9000843615904
"70",70,0.892836381681263,0.286264318100854,4.59512592818195,8.27363507322574
"71",71,0.0146272557321936,0.0483772959821024,4.41374692775495,5.45762869495153
"72",72,0.783121103653684,-1.00890304916174,3.18415653220547,6.53351984316652
"73",73,0.0899613329675049,-3.16279361986068,-0.137844914265486,1.13203908463703
"74",74,0.519189980812371,0.060132842510836,-0.0708198260413755,2.48675011639574
"75",75,0.384266687557101,-1.4331533981414,-1.50043223288071,0.652367829790594
"76",76,0.0700524973217398,2.16522191095224,0.739811289715564,1.94996878168078
"77",77,0.32064442220144,-1.90537090987859,-1.2025501846488,0.759383081955519
"78",78,0.668495397083461,2.25296545801831,1.11054278260195,4.11602897385234
"79",79,0.926400476368144,-1.29808603475823,-0.243070391286376,3.53613103781806
"80",80,0.471909721149132,0.584940156813452,0.354023285091395,2.76975244853879
"81",81,0.142615343211219,1.79740544880547,2.1337275696423,3.56157359927596
"82",82,0.544269755017012,-1.03748471358375,0.989556477576436,3.62236574262747
"83",83,0.196174651850015,1.10887710469025,2.04895575838786,3.63747971393791
"84",84,0.89858048921451,-0.175947342368026,1.77056062810045,5.46630209574398
"85",85,0.389499784680083,-2.27042585881504,-0.58839326211962,1.58010609192063
"86",86,0.310870779678226,-0.540159221999804,-1.09913282101344,0.833479518021234
"87",87,0.160028662998229,3.23957975506987,2.1954035751071,3.67548956410179
"88",88,0.896185849560425,-0.42826234739328,1.65737104895847,5.34592859763974
"89",89,0.16639378038235,-1.63556492584991,-0.0610624293393702,1.43811891180768
"90",90,0.900424596155062,-0.108045848163214,-0.166055156035616,3.53521863242957
"91",91,0.134078195085749,0.660283219715739,0.502530821481904,1.90476540673915
"92",92,0.131614134181291,1.9106492293148,2.38805350972261,3.78289591226648
"93",93,0.105287502519786,2.28791975558488,4.55657058982136,5.87243309738072
"94",94,0.511583581101149,0.201044796750126,4.52978685708042,7.06453760038386
"95",95,0.300199053948745,2.32915049131477,6.63244800554116,8.5330451673874
"96",96,0.0267168954014778,-1.5285198955983,4.77230570966581,5.85245639587024
"97",97,0.309647431364283,-4.68902680938061,-0.155336385198089,1.77360590889476
"98",98,0.74211965710856,-0.943366851059071,-1.09093641699726,2.13542255432843
"99",99,0.0354567270260304,-1.03171097901478,-2.06810057516217,-0.961730394084081
"100",100,0.5650761120487,-4.63207230300512,-6.59676784940918,-3.90153951326308
"101",101,0.280257776146755,1.12494351393907,-5.14198594299966,-3.3012126145594
"102",102,0.204196316422895,-1.56755027884476,-6.45243692469444,-4.83984797542575
"103",103,0.133738898672163,-0.45210797245633,-6.58192305091605,-5.18070635489956
"104",104,0.325681924354285,-3.17420597530808,-9.42703287367833,-7.44998710061547
"105",105,0.155061969533563,1.09504840373663,-7.86063282625778,-6.39544691765709
"106",106,0.129962139530107,3.78245403471096,-3.68514715023393,-2.29526073164361
"107",107,0.435531059745699,-1.75615422044809,-5.25704401317032,-2.95045083393322
"108",108,0.0386426525656134,-0.225117822089574,-5.21930963460138,-4.10338167690454
"109",109,0.713301562936977,3.89742612995198,-1.06091802291933,2.0789866658916
"110",110,0.100769041106105,1.86763266441545,0.859760542642093,2.16206766596041
"111",111,0.950304938480258,3.8261188433941,4.64289135890408,8.49380617434486
"112",112,0.121817762730643,-0.0104681158638791,4.400278675095,5.76573196328693
"113",113,0.219656620873138,-0.30452009784327,3.87574464349698,5.5347145061164
"114",114,0.913087766850367,-1.01926331435824,2.6626940969639,6.401957397515
"115",115,0.945853121113032,2.86914740685223,5.39870679896793,9.23626616230703
"116",116,0.279156222939491,-2.57167706466598,2.55709439435356,4.39456306317203
"117",117,0.123471087776124,0.614628430510036,3.04386810514592,4.41428136847429
"118",118,0.797160459449515,-0.0926370665547661,2.79903763333386,6.1905190116824
"119",119,0.7442772150971,4.50368360025376,7.16276935192092,10.3956009972122
"120",120,0.915974223753437,-1.21606745721942,5.58856342710546,9.33648609836577
"121",121,0.994598245015368,-3.01857633970207,2.29055891604811,6.27435365109422
"122",122,0.942360715009272,0.465263539017151,2.64129450926286,6.46837665429068
"123",123,0.486135407583788,-0.0792973921021865,2.42993239169753,4.88833861444889
"124",124,0.28345954278484,-1.67825013501069,0.630185637101962,2.48056426545648
"125",125,0.251545701175928,0.264582176488312,0.863258531735176,2.61789563526296
"126",126,0.50325517076999,-0.551049493411878,0.269046111736539,2.77881162404651
"127",127,0.49696617317386,-1.35751728253606,-1.10192347638635,1.38897504313523
"128",128,0.318445809651166,1.00167186355165,-0.0451554390153828,1.91018198993812
"129",129,0.962222826899961,-0.663324624013577,-0.706222291078191,3.18044618962169
"130",130,0.634099368238822,-3.66996050154505,-4.34087167806933,-1.43857357335287
"131",131,0.127433398040012,-5.30348249674536,-9.42731059091123,-8.0450103967912
"132",132,0.423046993790194,-1.16116434416883,-10.1171094055345,-7.84796842416391
"133",133,0.914316909620538,2.90837374174238,-6.70288019351539,-2.95992946465378
"134",134,0.467792333336547,1.67625875992939,-4.69147742391024,-2.2881004239006
"135",135,0.908169145463035,2.43010716089227,-2.02679639182245,1.69771104456665
"136",136,0.597743283724412,1.96501088546559,0.0395543132342571,2.83278416440749
"137",137,0.631742815952748,0.631528048036861,0.669104645609405,3.56433309346765
"138",138,0.869158318731934,-3.01412525543264,-2.37847584210371,1.22899911409209
"139",139,0.502749822568148,0.411139574332554,-1.84841247566597,0.659836992038478
"140",140,0.983635114738718,3.19445618068762,1.43846432880495,5.3893696730211
"141",141,0.324386027408764,-6.79212706914873,-5.42558595678402,-3.45242787455773
"142",142,0.481374948518351,-1.56270456860416,-6.71701122754899,-4.27288638199393
"143",143,0.356987077509984,2.20492928150381,-4.17623138466772,-2.10527015213777
"144",144,0.627477684058249,1.05749003889059,-2.90992977654375,-0.0274967243690041
"145",145,0.741600190522149,1.57878880702971,-1.18564448068686,2.03915609087959
"146",146,0.56596681731753,0.914199011712163,-0.21216324494035,2.48573720701224
"147",147,0.980786506552249,1.07766623131625,0.876111148622913,4.81847066827966
"148",148,0.576812735525891,0.0292862448222023,0.861591836013969,3.59203004259164
"149",149,0.43904205178842,-1.83297827140619,-1.01446602719292,1.30266012817234
"150",150,0.228599695023149,-2.45363018153531,-3.41737290736858,-1.73157382229913
"151",151,0.0821580656338483,0.0723057362604468,-3.1741985257397,-1.92772432883816
"152",152,0.850264921784401,-0.84278622714278,-3.8582748265955,-0.307480061242296
"153",153,0.234661261551082,-1.79872881692581,-5.46408990219153,-3.76010611753829
"154",154,0.988167446805164,0.834882634973123,-4.35600277210883,-0.39150043169334
"155",155,0.601897545857355,0.30688947372802,-3.83131315977537,-1.0256205222033
"156",156,0.998740808106959,2.92656609038649,-0.713181411400109,3.28304101292077
"157",157,0.37559937662445,-2.24300499465108,-2.92052733548119,-0.793729205607836
"158",158,0.555126630933955,-1.03557616611005,-3.81007713481717,-1.14469724201531
"159",159,0.429443962872028,-0.149894176677047,-3.76946745475336,-1.48113556613728
"160",160,0.575877780793235,-2.81558016287816,-6.39657424489386,-3.66894090251415
"161",161,0.432507397374138,-0.569411736220954,-6.64615726887012,-4.3486350767477
"162",162,0.224845763994381,-1.41634235642675,-7.73019176185336,-6.05565446987022
"163",163,0.0849847376812249,-4.29527800227503,-11.6389601760357,-10.3840059629921
"164",164,0.637298259651288,-0.567674321222715,-11.6246864884567,-8.71279170950279
"165",165,0.431016370421275,-1.06814432795217,-12.111596491986,-9.81854738072217
"166",166,0.072716093622148,2.26602038830839,-9.23999627907831,-8.02184799821186
"167",167,0.802402019267902,-1.20813784569531,-9.9861343108197,-6.578928253016
"168",168,0.325278303353116,1.11502319118494,-8.37180440409377,-6.39596949403442
"169",169,0.757289035012946,0.285258586510174,-7.66795559737891,-4.39608849234007
"170",170,0.584271517349407,-2.47372042969065,-9.75827824720061,-7.00546369515239
"171",171,0.708839406725019,0.748287945006379,-8.5220763898342,-5.39555816965914
"172",172,0.426975766429678,-0.212172246932907,-8.3081448172754,-6.02721751798637
"173",173,0.343572702025995,0.332123973018098,-7.56061360339353,-5.52989549731555
"174",174,0.759119985159487,1.31606969668481,-5.86651322653904,-2.58915327106058
"175",175,0.424030208028853,0.227925839942771,-5.34526172526932,-3.07317110118276
"176",176,0.560887253843248,3.17031832806238,-1.90768031094347,0.774981450586275
"177",177,0.116135774413124,0.231106880886648,-1.58118941450965,-0.232782091270275
"178",178,0.303021797677502,-2.50799807856703,-4.01012802235119,-2.10106262931869
"179",179,0.478802685858682,1.48372955860148,-2.32589206263215,0.110515994943891
"180",180,0.344830546760932,-2.4458032299997,-4.65540068950024,-2.62090904921745
"181",181,0.600714140105993,-3.83778826352423,-8.26041891854946,-5.45827649823148
"182",182,0.076083323219791,-1.61987277984159,-9.46727075246357,-8.2390207828042
"183",183,0.955992611125112,-1.48935445757056,-10.4832616724109,-6.61528383903561
"184",184,0.0222068231087178,-1.2150118453864,-11.1741104341768,-10.1074899648506
"185",185,0.841710632434115,3.21351913212987,-7.40188578033808,-3.87675388303574
"186",186,0.632442448753864,3.27119889256726,-3.76059259875392,-0.863265252492333
"187",187,0.310094165150076,1.45218219339698,-2.12038077541924,-0.190098279969015
"188",188,0.742569366237149,-2.54766985008692,-4.5620315867352,-1.33432348802375
"189",189,0.638911313610151,0.0462931108666805,-4.28763689653176,-1.3709029557013
"190",190,0.992515987250954,0.974242467652957,-3.09901258405221,0.87853537770065
"191",191,0.128269788343459,-0.274055006539462,-3.21811696138906,-1.83330759635869
"192",192,0.883239577757195,0.343490964912019,-2.71372014840759,0.935998584863993
"193",193,0.810083387885243,-1.88958782979997,-4.46762197078719,-1.03737180713146
"194",194,0.821851178305224,-2.57524061201242,-6.81948148426025,-3.35392794934458
"195",195,0.834702662425116,2.81553147750206,-3.66297593254518,-0.158867945269829
"196",196,0.732732220552862,0.53474537810632,-2.9450817578116,0.253114903846988
"197",197,0.983044024324045,-0.816795284292025,-3.61462295421304,0.334509118759092
"198",198,0.639204582665116,0.650542439833881,-2.78334936666851,0.134264381326839
"199",199,0.660754634300247,4.12496194623871,1.48078004790362,4.46304395080436
"200",200,0.528359377989545,0.725333911327902,2.13207495683634,4.71715309080498
"201",201,0.317493821494281,2.82280928940779,4.84828049840232,6.80076196288517
"202",202,0.76785546913743,2.73508862915085,7.34095510263306,10.6445215100454
"203",203,0.526308492524549,-0.814352294243078,6.15955505325833,8.73848053083198
"204",204,0.732301884330809,1.52508346177171,7.37666076236712,10.5735664153595
"205",205,0.307665740605444,-1.30240164606345,5.70542607818532,7.62842330000165
"206",206,0.404173251241446,-2.94731155893664,2.47284321533942,4.68536296906375
"207",207,0.204402445349842,-2.40333159281022,-0.054130538237775,1.55907679781175
"208",208,0.98563308827579,-0.297440956260185,-0.348864967586071,3.6080342972413
"209",209,0.566310757072642,3.59412485710462,3.26270313789785,5.96163540911578
"210",210,0.280375145142898,0.209617435711143,3.3091854167141,5.15031085214279
"211",211,0.185055723180994,-1.60567594670295,1.53805019917544,3.09321736871843
"212",212,0.758061396190897,0.460749928327349,1.92189761754402,5.19608180611671
"213",213,0.566781281260774,1.39595038643618,3.22175312310299,5.92209696688531
"214",214,0.932173571083695,-2.59040346389176,0.470262003056083,4.26678271630717
"215",215,0.638693316373974,-2.10936043595533,-1.66261153305205,1.25346841606987
"216",216,0.700748134404421,-3.88321497935014,-5.46269593574959,-2.36045153253633
"217",217,0.47922246856615,-2.53912118600744,-7.72868232496955,-5.29101491927111
"218",218,0.850311916321516,-1.77487762163222,-9.11712583035329,-5.56619008138874
"219",219,0.422330675413832,-0.583831525406388,-9.24510106424201,-6.97810903800052
"220",220,0.0313921230845153,2.82018810594606,-5.96265790508386,-4.86848153583031
"221",221,0.258146648295224,1.77728286052788,-3.88724214930178,-2.11280220441611
"222",222,0.334844734752551,0.545948639380523,-3.14693140245617,-1.14239719819852
"223",223,0.133549668593332,-1.13328293205238,-4.12286776438574,-2.72221875860574
"224",224,0.499546385370195,-0.080413874873149,-3.9971382510396,-1.49849909492902
"225",225,0.802135632839054,1.09522449060213,-2.7020568478855,0.704350050631666
"226",226,0.337153243133798,-1.00806664321107,-3.57502064870229,-1.5635609193009
"227",227,0.508920615306124,2.1181402591176,-1.27812935714958,1.24863248876879
"228",228,0.494438561843708,2.19490713287157,0.980684243579475,3.4639999291106
"229",229,0.797052904032171,-2.33300925925117,-1.40135922785067,1.98979948424584
"230",230,0.566958895418793,-1.49382262017212,-2.82511388663026,-0.124237200373879
"231",231,0.10669681802392,2.41347746667853,-0.270380725620211,1.04970972845155
"232",232,0.807648445246741,-3.3744397610867,-3.6313014504259,-0.208356114685677
"233",233,0.567112070973963,0.839419789812655,-2.61031658809195,0.0910196248299369
"234",234,0.21224092785269,0.466997523277593,-2.01280323540976,-0.37608045185169
"235",235,0.749579254770651,6.39180239571477,4.4796393220755,7.72837708638746
"236",236,0.307218350004405,-5.4593606824539,-1.20370332648218,0.717951723531039
"237",237,0.489518443355337,-1.68159160284809,-2.82510976300616,-0.35655443294015
"238",238,0.989709892775863,1.34805733730091,-1.33579693755494,2.63333274077265
"239",239,0.424109178129584,3.34865301934278,2.07964592866559,4.35197346305434
"240",240,0.244403004646301,1.67937416768099,3.65503779991329,5.3882468138522
"241",241,0.217134714825079,-2.85673687111038,0.615549038807248,2.26695318328248
"242",242,0.689117506612092,4.47877633833564,5.06354792520253,8.1309004450388
"243",243,0.980212708702311,-3.51453244820351,1.29583808073889,5.23647620684582
"244",244,0.477033039322123,-2.22603217580932,-0.99498599910737,1.436113118859
"245",245,0.773523621959612,-0.0862807812266673,-1.03151748037867,2.28905338550017
"246",246,0.574312944663689,4.45117381781321,3.47123221145347,6.19417104544454
"247",247,0.965939700603485,1.01263317467644,4.31030377555724,8.20812287736769
"248",248,0.796923840884119,1.46079210287154,5.55558068965091,8.94635221230327
"249",249,0.53190508717671,3.45615518947363,8.733956844642,11.3296721061721
"250",250,0.596623761113733,1.96955993662911,10.266818939039,13.0566902223802
"251",251,0.263886473607272,-2.44947575192853,7.30400224015853,9.09566166098034
"252",252,0.279542708769441,1.41945243613165,8.35825456428225,10.1968826905906
"253",253,0.0651032442692667,-0.218439985156128,7.72190185091201,8.91721158371981
"254",254,0.563081346452236,3.56521579077667,10.9010225491431,13.5902665884998
"255",255,0.262355682207271,-0.48688935920595,9.86908206247997,11.6561491091018
"256",256,0.00328233116306365,-3.05421404450922,6.32141391484675,7.33126090833594
"257",257,0.589516543550417,0.983668742933244,6.98901196203766,9.75756159268891
"258",258,0.5200511647854,0.709007321853984,7.34856868578976,9.90872218014596
"259",259,0.844634734792635,-0.0352526952607549,6.94588755623951,10.4797917606174
"260",260,0.0295568136498332,-2.11310064423445,4.48549253419309,5.57416297514259
"261",261,0.599769349209964,-1.67782933215654,2.5833885753269,5.38269662295679
"262",262,0.268419769592583,-0.0252514329808518,2.4289677135797,4.23422702235745
"263",263,0.120608904398978,2.07622029200866,4.38373961990937,5.74556633310631
"264",264,0.100705461576581,-0.728915427810121,3.43563721110378,4.73775359583353
"265",265,0.748161140363663,-1.74289894437079,1.5209564061778,4.7654398272688
"266",266,0.015960629330948,-5.4084060508934,-3.96349746502448,-2.91561557703164
"267",267,0.0494611456524581,0.988499673081294,-2.77682291869196,-1.62843948173459
"268",268,0.747623786097392,0.854680649998226,-1.78330112275914,1.45957023553304
"269",269,0.357237663818523,2.61838172021937,0.924245653598187,2.99595864505376
"270",270,0.758958196034655,2.9334452846214,3.81147865553967,7.08835324364364
"271",271,0.375956342555583,-0.286112132589233,3.33479259017346,5.4626616178402
"272",272,0.7994627088774,2.59702745242148,5.76508041308626,9.16346853971846
"273",273,0.0256927656009793,0.00262709511184389,5.4794534875438,6.55653178434673
"274",274,0.506358550162986,-1.35282015137116,3.85266066179544,6.3717363122844
"275",275,0.821228646440431,-1.69639319377094,1.96363443493474,5.42732037425603
"276",276,0.544756576186046,-0.693882200814871,1.17157051237313,3.80584024093127
"277",277,0.266684454400092,0.454958886054143,1.56795087280861,3.36800423600889
"278",278,0.344637322006747,-0.0548028072222226,1.43475052194596,3.4686624879662
"279",279,0.369175952859223,0.401755581170066,1.76476857701873,3.8722964355964
"280",280,0.429252084577456,0.397885343645591,2.07441549181338,4.36217174554575
"281",281,0.91851437324658,1.42919871216738,3.39989342939009,7.15543654912983
"282",282,0.784344815416262,-0.546363549779699,2.68353520814089,6.03656965438967
"283",283,0.737831532256678,3.27069491586346,5.8200533635973,9.03354796036734
"284",284,0.280772623838857,0.875387772959287,6.40443846837672,8.2467563398933
"285",285,0.456826628185809,-2.38707170149816,3.69714484345973,6.06762472801715
"286",286,0.287537641590461,-0.553299608398361,2.95898799288838,4.82160091765976
"287",287,0.696291067637503,1.03176610107024,3.8428046943142,6.93167789722671
"288",288,0.820756298257038,-0.822110664172686,2.8285537954258,6.29082269019692
"289",289,0.655153531581163,0.689990098945149,3.37711620459966,6.34257679934315
"290",290,0.413504677359015,0.868791721662277,4.07705211603195,6.317566148109
"291",291,0.95182941458188,2.60695536601006,6.48015487624041,10.3356431199861
"292",292,0.243109460221604,-1.30339182146615,4.85275531096224,6.58208369162705
"293",293,0.608685026643798,-0.0337617246559769,4.57635582075815,7.40241090068954
"294",294,0.757951468927786,-1.13538491058718,3.21215311913306,6.48600752591642
"295",295,0.693667361745611,-2.25426573952657,0.79727972364984,3.87828180888667
"296",296,0.115427796263248,-3.69794062235807,-2.94052488489072,-1.59424149610097
"297",297,0.635911664459854,0.391058110363781,-2.4024405302824,0.505294463097163
"298",298,0.309025368420407,1.20313045039117,-1.07918805337711,0.847888051884116
"299",299,0.352998502086848,1.27831631957987,0.253087668871616,2.31208317513216
"300",300,0.980958316242322,-2.77998563492416,-2.53955234949613,1.40332259923084
"301",301,0.538882763590664,-2.25935570679517,-4.67193043881649,-2.0552821480445
"302",302,0.444033863022923,-2.28230838967514,-6.7206423065508,-4.38854071748203
"303",303,0.949366777669638,-1.37734299920177,-7.76195319042503,-3.91385285741612
"304",304,0.452483371365815,0.340395636304258,-7.03345989459952,-4.67600978050208
"305",305,0.190625803545117,1.18896685451482,-5.49282004535473,-3.92094263471937
"306",306,0.991609149612486,-1.63006530144991,-6.8482443445369,-2.87341689569945
"307",307,0.548455447657034,-5.72869367413346,-12.2345258014435,-9.58915945847242
"308",308,0.768815767019987,1.90764696341652,-9.71515254795482,-6.40870524689486
"309",309,0.913421672768891,1.23056954122689,-7.99882537933019,-4.25856036102352
"310",310,0.682112002046779,-1.40174140110053,-9.00062551146421,-5.95428950532387
"311",311,0.407251420430839,-2.14732268293958,-10.6979169188306,-8.47616265753806
"312",312,0.40759229939431,-0.599982393599473,-10.7630034664885,-8.54022656830559
"313",313,0.14608279033564,0.216213125605141,-10.008640167559,-8.57039179655203
"314",314,0.196667714044452,1.44640152717535,-8.06180663200566,-6.4718034898723
"315",315,0.192209339467809,2.78019019214853,-4.87852610825684,-3.30189808985341
"316",316,0.408414400648326,-1.69776679675681,-6.3323665996008,-4.10712339765583
"317",317,0.348221306223422,0.581445689286996,-5.43430258033377,-3.3896386616635
"318",318,0.834542848402634,2.66835206740484,-2.49423538391224,1.00939316129567
"319",319,0.198400007095188,-1.80268431051817,-4.17220792523479,-2.57700790394922
"320",320,0.861805309541523,-0.445526825865702,-4.40912435483875,-0.82370842621418
"321",321,0.397185310255736,-3.5429360564068,-7.73160419350361,-5.5400482627364
"322",322,0.153253766940907,0.574844500228891,-6.77017948359954,-5.31041818277682
"323",323,0.339283383218572,-1.282383524648,-7.71405403406756,-5.69620388441184
"324",324,0.367180439643562,-1.84987528447789,-9.17822661684207,-7.07668529791139
"325",325,0.427379082888365,-1.55995493837065,-10.2792702243706,-7.99713297570552
"326",326,0.186336904298514,0.889006747188742,-8.87629996596334,-7.3172892530678
"327",327,0.658016600413248,-4.32493800522332,-12.7574229728885,-9.78337317164875
"328",328,0.920411381172016,-0.851021799841891,-12.970573624086,-9.20933948056992
"329",329,0.733894062694162,-2.02743531840909,-14.3494802612908,-11.1477980732083
"330",330,0.882319271564484,-1.92423805660749,-15.5562443048337,-11.9092864901403
"331",331,0.953346531139687,0.949269254554729,-13.8291628350373,-9.96912324161824
"332",332,0.194901535054669,0.703508539209075,-12.4341961540764,-10.8494915489123
"333",333,0.472616735380143,-0.214040712493962,-12.0265270588665,-9.60867685272607
"334",334,0.386050655972213,1.07503451320069,-10.3501661927225,-8.19201422480584
"335",335,0.374165857210755,-1.20420979689626,-11.0368676799826,-8.91437010835035
"336",336,0.0278556565754116,-4.04659529066736,-14.5316195866508,-13.4480526169246
"337",337,0.929355211788788,2.30884256119628,-11.496196046122,-7.70813041075566
"338",338,0.410529275657609,-0.461385995388218,-11.3827722392041,-9.15118441223132
"339",339,0.95584021601826,-0.730177536429821,-11.5438111636738,-7.67629051561898
"340",340,0.272152840159833,0.315035858751445,-10.6515847467386,-8.83512622625912
"341",341,0.517246493836865,1.53186444596879,-8.5871410634329,-6.03540158192231
"342",342,0.978309842292219,0.852173932404627,-7.30561007785663,-3.37068055097997
"343",343,0.369696486275643,1.85453079993062,-5.08579877403317,-2.97670931520624
"344",344,0.310430439189076,0.0922691856809749,-4.73923964965054,-2.80794833208331
"345",345,0.0342096325475723,-1.00857128618222,-5.51084895335024,-4.40822005570752
"346",346,0.667565847514197,-0.600898816711123,-5.83620532239385,-2.83350777985125
"347",347,0.920916376868263,1.64583195729174,-3.89856309898241,-0.135813968377623
"348",348,0.0449895979836583,-1.69853759225808,-5.40217253629137,-4.26720374234039
"349",349,0.201132631860673,-1.90722019136239,-7.03928410083919,-5.43588620525717
"350",350,0.743514884263277,0.626957431765151,-6.06036246403208,-2.82981781124225
"351",351,0.130556831136346,1.22494661486663,-4.53239772596385,-3.14072723255481
"352",352,0.708883593790233,-3.38216645507376,-7.68794429473942,-4.56129351336872
"353",353,0.998831811361015,1.56939725488465,-5.7341498251178,-1.73765439103475
"354",354,0.943913046037778,0.0238502705200459,-5.42359206334186,-1.59185292522853
"355",355,0.592903899028897,-0.362510575739921,-5.51492303591469,-2.736211338828
"356",356,0.731295636389405,2.21390880496134,-3.02526807915762,0.168618830010597
"357",357,0.486734175588936,2.95878974197653,0.08478506677679,2.5449875935436
"358",358,0.76815199595876,-2.29479888199968,-2.21425306856173,1.09020291931455
"359",359,0.00314546236768365,2.02330875302799,-0.0802316621056551,0.929204724997396
"360",360,0.557941298233345,-1.26413838994976,-1.34035846895014,1.3334654257499
"361",361,0.460255289217457,0.264722639038179,-1.00861790646445,1.37214796118792
"362",362,0.329715145053342,0.961852129450648,0.00366511830942096,1.99281055346945
"363",363,0.835475627332926,0.266355255169214,0.269837117563164,3.77626399956194
"364",364,0.977701663039625,-2.92572892465639,-2.66938366297138,1.26372132614749
"365",365,0.660514947259799,-1.01280356094948,-3.54871804077229,-0.567173198992898
"366",366,0.233574859565124,3.07932647467509,-0.291955664058589,1.40876891463678
"367",367,0.819200420286506,0.345587236774583,0.0682293559189233,3.52583061677844
"368",368,0.724684895016253,-1.67164784815936,-1.60682996003638,1.56722472501238
"369",369,0.976357153151184,-1.31185740775922,-2.83834586979378,1.09072558965978
"370",370,0.26511302869767,2.11513217307064,-0.581296403233448,1.21404268285956
"371",371,0.878820042591542,0.692166979730734,0.139935396658959,3.77639552443359
"372",372,0.487889212323353,-1.79437308398739,-1.66143445716138,0.80223317980868
"373",373,0.3054682854563,0.0125304225112608,-1.56583231179205,0.350572544576851
"374",374,0.395096998894587,1.19334101815146,-0.294199678050985,1.89109131863278
"375",375,0.759339716052637,3.44510361588802,3.16561392173958,6.44363306989749
"376",376,0.10080164228566,-1.76349896681869,1.24383425883391,2.54623918569089
"377",377,0.421359690371901,-0.759891910333735,0.421750635558483,2.68582970667418
"378",378,0.657764247618616,1.99222003174752,2.39288313552808,5.36617587838393
"379",379,0.29526409204118,-0.918241785887682,1.354997192864,3.24078946898754
"380",380,0.205986499786377,2.92053149242514,4.20777882564593,5.82573832500506
"381",381,0.00214671180583537,2.0864923539007,6.08388223826434,7.09032237368185
"382",382,0.10784267866984,-3.31808194069367,2.46160618565745,3.78513422166697
"383",383,0.214867021888494,0.847915552454791,3.18644142882937,4.83104249449486
"384",384,0.115153673803434,-2.83832585237048,0.188793505017425,1.53425452642773
"385",385,0.687159431632608,-2.92938491334136,-2.75003108357481,0.311447211323013
"386",386,0.193272230215371,0.140841944295663,-2.47168758510041,-0.891870894454295
"387",387,0.984921893337741,0.113396443960543,-2.23470676188484,1.72005891812838
"388",388,0.94703797576949,-0.0654163545311749,-2.18838777832178,1.65272614898669
"389",389,0.6917069691699,2.52856244813275,0.449594058727062,3.52471496623676
"390",390,0.739891943521798,0.589975771460478,1.01709012725119,4.23676595781658
"391",391,0.732440298423171,-1.34617364100898,-0.37993802012035,2.81738287514916
"392",392,0.652598443906754,0.239176582981912,-0.12176453613242,2.83603079558784
"393",393,0.167046306887642,-1.02879301798259,-1.14446932730839,0.356669593354537
"394",394,0.923180858138949,-0.136223147733074,-1.22346900867604,2.5460735657408
"395",395,0.564604845829308,-2.29602382367349,-3.45831938191573,-0.764504844427802
"396",396,0.536495635285974,-0.230488960258339,-3.51589237307828,-0.906405467220357
"397",397,0.0188437472097576,0.205872783698017,-3.13422497072635,-2.07769372909707
"398",398,0.366399627644569,-1.40348697420628,-4.38100069639631,-2.2818018134626
"399",399,0.686242274474353,0.082461248540588,-4.07948941303591,-1.02076258961285
"400",400,0.416628723265603,-1.29753670119696,-5.17305164358107,-2.92316547378426
"401",401,0.757026246283203,-1.28801571893289,-6.2024147803349,-2.93133604148529
"402",402,0.775794867891818,-0.408877650132744,-6.3011716914509,-2.97378708777544
"403",403,0.5735870199278,0.981681835323185,-5.00443127155517,-2.28367021177177
"404",404,0.188698792597279,-0.41067397454106,-5.16488368251847,-3.59878730472663
"405",405,0.758265333948657,0.381382647850511,-4.52525685054203,-1.25046084869606
"406",406,0.0926830929238349,1.94004838532225,-2.35894562269268,-1.08089634392118
"407",407,0.62235852656886,-0.570522155694139,-2.81152049725219,0.0555550824543909
"408",408,0.415913201635703,-0.207238537083533,-2.87818300947311,-0.630443404566001
"409",409,0.776510870549828,1.02250908240741,-1.71176477659204,1.61776783505744
"410",410,0.807802801951766,-2.51632490003144,-4.14250143779388,-0.719093031938587
"411",411,0.967296320246533,1.08765193791239,-2.8477244279918,1.0541645327478
"412",412,0.215903251199052,-1.06992717316598,-3.77526537975819,-2.12755562616103
"413",413,0.867008910980076,-2.27609205356014,-5.86259416433042,-2.2615674313902
"414",414,0.416918028378859,-3.53600754175131,-9.10547199786521,-6.85471791272863
"415",415,0.513028715969995,-1.42995640573548,-10.0801548037074,-7.54106865579745
"416",416,0.774937320500612,-2.34040452871924,-11.9165515922413,-8.59173963073947
"417",417,0.132543317740783,-2.35689629683892,-13.6776203094682,-12.2799903562458
"418",418,0.411907642148435,3.25458267590666,-9.73915661808809,-7.50343369164278
"419",419,0.662047573365271,-2.42429333125707,-11.6764921184407,-8.69034939834493
"420",420,0.90771976695396,1.99501983488257,-9.09764767763614,-5.37448837677426
"421",421,0.344491637311876,1.09049128284034,-7.55227401091399,-5.51879909897836
"422",422,0.105243064230308,-1.76957823035024,-8.94423854071853,-7.6285093480276
"423",423,0.932345921872184,-1.22246139576274,-9.71948800944534,-5.92245024382879
"424",424,0.199933272786438,-0.820399025666714,-10.0539126346398,-8.45411281628047
"425",425,0.0540183072444052,0.380818739673629,-9.17039826323417,-8.00834334150096
"426",426,0.425840075826272,-0.696649857918676,-9.40852820799114,-7.13100798051232
"427",427,0.338795819785446,1.65369506056998,-7.2844067370216,-5.26801927766527
"428",428,0.275601302739233,-0.585373804605445,-7.50556020477597,-5.67875629655827
"429",429,0.663490542210639,-4.33069241992648,-11.4609746144637,-8.47050298783174
"430",430,0.783896096982062,-0.192433552406761,-11.0803594361472,-7.72867114520104
"431",431,0.439697366673499,-3.70391369249717,-14.230255156837,-11.9111630568165
"432",432,0.930323867592961,1.87562227046418,-11.643120128531,-7.85214852575212
"433",433,0.272207205649465,-1.49537296287899,-12.5563370849834,-10.7397154680351
"434",434,0.65902902930975,-2.23048287140033,-14.1590031021346,-11.1819160142054
"435",435,0.380289294058457,-1.18301283059765,-14.6340657776255,-12.4931978954502
"436",436,0.935390777420253,1.17046136781839,-12.7319011209259,-8.9257287886651
"437",437,0.735500929877162,-3.83711639861973,-15.9324224634993,-12.7259196738678
"438",438,0.590090453391895,0.507633583008185,-14.6281677573161,-11.8578963971405
"439",439,0.814652414759621,-1.94448353249234,-15.8412429019427,-12.3972856576638
"440",440,0.882408829638734,-0.0170268960760337,-15.0662076529216,-11.4189811640054
"441",441,0.745441308710724,1.35808382201496,-12.9548134482605,-9.71848952212836
"442",442,0.50179156078957,1.13926273338484,-11.1678100424627,-8.66243536009395
"443",443,0.988501473329961,3.00592332225679,-7.60349621808274,-3.63799179809285
"444",444,0.555268050869927,0.258170802330949,-6.96515060484765,-4.29934645223787
"445",445,0.879701833007857,-1.40236590335324,-8.0192589779585,-4.38015347893493
"446",446,0.630439263768494,4.30741443195446,-3.31088159710612,-0.419563805800634
"447",447,0.613215531921014,-0.606492276523499,-3.75182979377431,-0.912183198011267
"448",448,0.0336092996876687,1.61515955381603,-1.94907875026957,-0.848250851206563
"449",449,0.254700685618445,1.86198293225283,0.0103581194967395,1.77446017635208
"450",450,0.775968801230192,0.909804196545866,0.919644410067768,4.24755081375834
"451",451,0.998245000839233,2.8508413801272,3.72450356969158,7.71923857220928
"452",452,0.960118401562795,-0.4179823450255,3.1202960461815,7.00065125086989
"453",453,0.7509288135916,-2.46280555818122,0.501475685691211,3.75426212646601
"454",454,0.680503861047328,-0.721207154306694,-0.244805252900044,2.79670633024194
"455",455,0.246886454056948,-1.09442659896811,-1.32699158922315,0.413667772947691
"456",456,0.60656297695823,0.655992015028934,-0.604649994733062,2.21503893614163
"457",457,0.573970563476905,-1.86659966418731,-2.44101715918372,0.280894531246993
"458",458,0.0495949082542211,1.36162164960035,-0.957344651624185,0.191440073138478
"459",459,0.372820144984871,-2.32776480037271,-3.23724221941569,-1.11878178446108
"460",460,0.894768048776314,3.5108990197667,0.435518911321788,4.11982305765073
"461",461,0.391771745635197,2.89927472850982,3.31301769426552,5.4883329311711
"462",462,0.516945270588621,-0.897589882422168,2.24977692713007,4.80061273889594
"463",463,0.1752800764516,0.280134577860929,2.4174226586345,3.9432628879893
"464",464,0.192605463555083,-0.747300656355164,1.54925086934761,3.12706726001286
"465",465,0.546508695697412,-2.41286823447617,-0.941079908595942,1.69844617849629
"466",466,0.393120838794857,-5.32269194988203,-6.21671786304817,-4.0373553466636
"467",467,0.625197496730834,-0.050188986531181,-5.95607095642694,-3.08047846623444
"468",468,0.572204772615805,-0.0687465144981274,-5.72701392310372,-3.01039960525631
"469",469,0.140619070501998,3.2847180780897,-2.15594514885884,-0.734087937352846
"470",470,0.289271669229493,-3.99092429507766,-6.03907218649356,-4.17125717880508
"471",471,0.000612155767157674,-1.32434151720482,-7.0614600943737,-6.05962362707223
"472",472,0.955363717162982,1.76007598462007,-4.94831110503495,-1.08221995354601
"473",473,0.399409950012341,0.684774840003286,-4.01612070977992,-1.81789085974289
"474",474,0.977053545415401,0.243507711047571,-3.57180696324335,0.359353673002855
"475",475,0.511774198850617,-1.24152206902363,-4.63473868410481,-2.09941608755296
"476",476,0.467161188600585,0.401890535148045,-4.00111121475152,-1.59962764894977
"477",477,0.723835493670776,-0.471810696046682,-4.27286635006063,-1.1013598690483
"478",478,0.142073553055525,0.227322229940453,-3.83190080261714,-2.40568014345057
"479",479,0.523577779298648,-1.15585839057564,-4.79616415306192,-2.22543081516598
"480",480,0.560421120142564,2.37712977167666,-2.17922617373216,0.502037186695529
"481",481,0.660342805786058,2.11987255624295,0.0496076911973922,3.03063610855557
"482",482,0.372265701880679,2.67351642172935,2.72064372836688,4.83744083400891
"483",483,0.136151993181556,-0.734338342260434,1.8502731996881,3.25872917923277
"484",484,0.0738809260074049,-0.60867340955679,1.1490861301469,2.37072890816912
"485",485,0.761512180091813,-0.700559248471426,0.391072575168131,3.67560911544357
"486",486,0.702794912969694,2.74828952545605,3.11980847186577,6.22819321077486
"487",487,0.763895261799917,-0.599440983750138,2.36437706452235,5.6560628499221
"488",488,0.157056258292869,0.195270288450464,2.44142849974669,3.9125972746253
"489",489,0.599344606511295,0.762376057447444,3.0817331322068,5.87976695174069
"490",490,0.76334178680554,1.35642511363757,4.28407158923403,7.57409694965065
"491",491,0.912652988219634,-0.535346544468539,3.53452146530379,7.27248042996269
"492",492,0.308020849712193,4.69193132866983,8.04972672070842,9.973789269845
"493",493,0.657065875362605,-1.85498931104966,5.79225107362334,8.76344869971116
"494",494,0.337804629001766,-2.85311434739548,2.6495241725467,4.662938059552
"495",495,0.604250381933525,0.0846053287796254,2.60165329269899,5.41440443849957
"496",496,0.0839550187811255,3.53488694000963,6.00645756807367,7.25832262441705
"497",497,0.605667235562578,0.105500654290734,5.81163534396072,8.62863705064845
"498",498,0.595911026466638,0.219452079939935,5.74050565670262,8.52823873610253
"499",499,0.668919149320573,1.72640523111631,7.17988560498379,10.1866430529455
"500",500,0.801043295999989,-0.197946409539234,6.62294491519537,10.0260748031953
